{
  "controller/View1.controller.js.map": 1689055494187,
  "model/models.js": 1689049870572,
  "controller/View1.controller.js": 1689049870584,
  "controller/App.controller.js": 1689049870576,
  "manifest.json": 1689055493916,
  "Component.js": 1689049870564,
  "model/models-dbg.js": 1689049870572,
  "model/models.js.map": 1689055494185,
  "controller/View1-dbg.controller.js": 1689049870584,
  "i18n/i18n.properties": 1689049870568,
  "controller/App-dbg.controller.js": 1689049870576,
  "controller/App.controller.js.map": 1689055494172,
  "Component-dbg.js": 1689049870564,
  "Component.js.map": 1689055494175,
  "Component-preload.js": 1689055494402,
  "Component-preload.js.map": 1689055494402,
  "view/View1.view.xml": 1689049918210,
  "view/App.view.xml": 1689049870584,
  "css/style.css": 1689049870576,
  "index.html": 1689050297309
}